0.000000000000000000e+00,1.511869909941794977e-03,9.028651685393257464e-02,9.003159003159003082e-02,7.744107744107743552e-02,2.563211387742667657e-01,1.111612175873731845e-01,9.644372487717731701e-01,8.521400778210116433e-01,7.054328192302348199e-01,9.890109890109891055e-02,4.347826086956521618e-01,7.221501501380350740e-02,3.075422675356638824e-01,1.550544520000415316e-01,5.747126436781609116e-03,5.813953488372092943e-03,7.357875116495806722e-01,4.000000000000000083e-02,2.364018857287732145e-02,6.490975639315031687e-02,3.778607022420489292e-01,9.076180385861819522e-01,1.000000000000000000e+00
8.140282327445680366e-05,7.424704646787950741e-04,2.334561797752808809e-01,9.929799929799930369e-02,1.649831649831649538e-01,2.456312830596250329e-01,6.333145434047350308e-01,8.532827154979901740e-01,7.335846303501944998e-01,7.461442267611504420e-01,9.890109890109891055e-02,3.913043478260869179e-01,5.183177172283880418e-01,6.414939703676534322e-01,2.123757062713128585e-01,2.873563218390804558e-02,2.906976744186046471e-02,9.624883504193848527e-01,8.000000000000000167e-02,1.027501869514931415e-01,1.281925979322979525e-01,5.428770661726700641e-02,8.074198514630477330e-01,1.000000000000000000e+00
1.263147257707375459e-04,1.511869909941794977e-03,2.867865168539325271e-01,1.303088803088802983e-01,2.031425364758697727e-01,3.444293666398958176e-01,5.633032694475761382e-01,9.295444394819115663e-01,9.520914396887159015e-01,8.570237598999582707e-01,9.890109890109891055e-02,3.913043478260869179e-01,5.183177172283880418e-01,3.588779571525698708e-01,3.569429649746281297e-01,0.000000000000000000e+00,0.000000000000000000e+00,7.495340167753961058e-01,1.600000000000000033e-01,6.950635190449855338e-02,9.209901079863629103e-02,7.106916157390258393e-02,9.009503311490070221e-01,1.000000000000000000e+00
1.319287135827518220e-04,9.348203259945449956e-04,6.089213483146066475e-02,5.710775710775711084e-02,4.938271604938271331e-02,9.713644797695863975e-02,3.322998872604284726e-01,7.991849039749888695e-01,9.981760700389105123e-01,3.873836320689175716e-01,9.890109890109891055e-02,4.782608695652174058e-01,4.784602215070865583e-01,7.885420537047342915e-01,4.457356191207919038e-01,2.873563218390804558e-03,2.906976744186046471e-03,6.551724137931034253e-01,8.000000000000000167e-02,2.519699187525604664e-02,6.408637810069660323e-02,3.342217877637876366e-01,6.312438273306411052e-01,1.000000000000000000e+00
2.638574271655591552e-04,4.731806588367450540e-04,5.168539325842695653e-02,5.061425061425060823e-02,5.274971941638607886e-02,3.928798914398072273e-01,9.754791431792558809e-01,9.079946404644930746e-01,7.814931906614785984e-01,4.165624565791301581e-01,9.890109890109891055e-02,4.347826086956521618e-01,5.183177172283880418e-01,2.801438207061231894e-02,8.045015489093506611e-01,2.873563218390804558e-03,2.906976744186046471e-03,1.000000000000000000e+00,0.000000000000000000e+00,3.666031996549725530e-02,9.593157018869062636e-02,3.501288165405916919e-01,8.370868980106673796e-01,1.000000000000000000e+00
3.087693296617843863e-04,2.473619216520544801e-03,2.268314606741572703e-01,2.437170937170936857e-01,2.143658810325476671e-01,4.218477387908831644e-01,1.527621195039459145e-01,8.875055828494864407e-01,8.053664072632944482e-01,8.557732388495206122e-01,2.197802197802197974e-02,5.652173913043477826e-01,5.183177172283880418e-01,5.056612164754648031e-01,8.595511335580993673e-02,0.000000000000000000e+00,0.000000000000000000e+00,8.623019571295433838e-01,8.000000000000000167e-02,3.566596206106108918e-02,1.083787143857118662e-01,4.412359958959585216e-01,7.289170222268679389e-01,1.000000000000000000e+00
3.592952199700794047e-04,1.127170187310294917e-03,1.695370786516853800e-01,1.138294138294138336e-01,1.358024691358024616e-01,9.670719211276963823e-02,1.711950394588500624e-01,9.850937918713711383e-01,9.843142023346302949e-01,5.567597610115325724e-01,9.890109890109891055e-02,5.217391304347825942e-01,5.183177172283880418e-01,3.299059015072030032e-01,1.341330440635025989e-01,0.000000000000000000e+00,0.000000000000000000e+00,9.869524697110904077e-01,0.000000000000000000e+00,5.419428923501076051e-02,1.041441974530927655e-01,2.000111848433780426e-01,9.651957175396815858e-01,1.000000000000000000e+00
4.435050371505711020e-04,2.281269355204795096e-03,1.573033707865168496e-01,1.370129870129870031e-01,1.582491582491582227e-01,4.915948932399125115e-01,5.173618940248027043e-01,9.888343010272443445e-01,7.876540207522697568e-01,9.841600666944559928e-01,9.890109890109891055e-02,7.826086956521738358e-01,3.224826362046172012e-01,7.391362081719088373e-01,3.228248936085155729e-01,0.000000000000000000e+00,0.000000000000000000e+00,9.753028890959924979e-01,0.000000000000000000e+00,2.717844208712795126e-02,6.685724882366896049e-02,3.162208821153290605e-01,9.835351662774693970e-01,1.000000000000000000e+00
5.024519091769152901e-04,1.127170187310294917e-03,5.009213483146066764e-02,4.310284310284309695e-02,3.142536475869808776e-02,3.092719266664820110e-01,5.664599774520856501e-01,5.714604734256365504e-01,9.686284046692607008e-01,8.496595803807142078e-01,9.890109890109891055e-02,3.913043478260869179e-01,5.183177172283880418e-01,2.130659426166325032e-01,4.948038067977247878e-01,0.000000000000000000e+00,0.000000000000000000e+00,9.496738117427772075e-01,2.399999999999999911e-01,1.834817384311489968e-02,4.275893400541297407e-02,2.882186816872175372e-01,3.994631118361197109e-01,1.000000000000000000e+00
5.333288421430770754e-04,7.374693682845854820e-04,4.494382022471909294e-02,7.574587574587575423e-02,4.601571268237934775e-02,2.563211387742667657e-01,2.818489289740699899e-02,9.916257257704331751e-01,8.958333333333333703e-01,9.102403779352508106e-01,9.890109890109891055e-02,6.956521739130434590e-01,5.183177172283880418e-01,1.008805556419130334e-01,5.730615893663612015e-01,0.000000000000000000e+00,0.000000000000000000e+00,9.715750232991612334e-01,0.000000000000000000e+00,2.367046606842576964e-02,1.000956931295814284e-01,6.978264565362096716e-01,9.742377597020825952e-01,1.000000000000000000e+00
5.810477385453927113e-04,1.319520048626045055e-03,1.235955056179775247e-01,9.899964899964899812e-02,1.245791245791245810e-01,3.367581489379378734e-01,4.417700112739572083e-01,9.420500223313978960e-01,9.683041504539559030e-01,8.899541475614839436e-01,9.890109890109891055e-02,7.826086956521738358e-01,5.183177172283880418e-01,4.352167929208644592e-01,5.650105907450366782e-01,0.000000000000000000e+00,0.000000000000000000e+00,9.000465983224603672e-01,8.000000000000000167e-02,3.534899642912703310e-02,7.984903735407310188e-02,2.728432899384548027e-01,9.070705597571947498e-01,1.000000000000000000e+00
5.950827080754561571e-04,1.511869909941794977e-03,9.763595505617976567e-02,1.049140049140049186e-01,7.968574635241301718e-02,4.468553546207316152e-01,1.487034949267193040e-01,9.938030370701206317e-01,9.301232166018158498e-01,9.531749340002778625e-01,9.890109890109891055e-02,6.086956521739130821e-01,5.183177172283880418e-01,5.850662624479209262e-01,5.971631093494882414e-01,0.000000000000000000e+00,0.000000000000000000e+00,9.697110904007455456e-01,4.000000000000000083e-02,2.535566202315684206e-02,7.495615627805318759e-02,4.232972619651448332e-01,9.849607230248201839e-01,1.000000000000000000e+00
6.849065130679621305e-04,9.348203259945449956e-04,1.124134831460674028e-01,9.898209898209898994e-02,9.652076318742984495e-02,1.070231798166662029e-01,3.007328072153325760e-01,9.914024117909780998e-01,7.258430609597925631e-01,9.824927052938724481e-01,9.890109890109891055e-02,4.347826086956521618e-01,5.183177172283880418e-01,5.148627202298781264e-02,2.709815922320312209e-01,0.000000000000000000e+00,0.000000000000000000e+00,9.280055917986952396e-01,0.000000000000000000e+00,4.323582070627209062e-02,1.064873983696439930e-01,3.169299331195379876e-01,9.835228536015961920e-01,1.000000000000000000e+00
7.606953485304046580e-04,1.127170187310294917e-03,4.157303370786517016e-01,2.521235521235521415e-01,4.163860830527496559e-01,6.312830596250242066e-02,8.815107102593010557e-01,4.822465386333184556e-01,9.668855382619974126e-01,4.201750729470612455e-01,9.890109890109891055e-02,4.347826086956521618e-01,5.183177172283880418e-01,1.477567746473036625e-01,5.971631093494882414e-01,0.000000000000000000e+00,0.000000000000000000e+00,7.096924510717614876e-01,4.000000000000000083e-02,1.280783036438784273e-01,2.241729507949579980e-01,1.629338503011044104e-01,4.497848047732549981e-01,1.000000000000000000e+00
7.859582936845521672e-04,4.077047660448637713e-04,2.247191011235954994e-02,2.002457002457002505e-02,2.356902356902356929e-02,2.563211387742667657e-01,9.402480270574975485e-02,9.918490397498883615e-01,8.814040207522697568e-01,7.468389606780603263e-01,1.208791208791208938e-01,4.782608695652174058e-01,5.183177172283880418e-01,6.119655664155244645e-01,5.971631093494882414e-01,2.873563218390804558e-03,2.906976744186046471e-03,9.850885368126747199e-01,4.000000000000000083e-02,2.166723657726724733e-02,4.894702768024978418e-02,2.728432899384548027e-01,9.781231680608284407e-01,1.000000000000000000e+00
7.971862693086362306e-04,8.194104092050949559e-04,5.460337078651684994e-02,6.116181116181115124e-02,4.938271604938271331e-02,1.962668586778919255e-01,5.838782412626831730e-01,9.749888343010272296e-01,8.542882619974059288e-01,8.081144921495067024e-01,2.307692307692307820e-01,2.173913043478260809e-01,5.183177172283880418e-01,8.314914516539345657e-01,5.971631093494882414e-01,2.873563218390804558e-03,2.906976744186046471e-03,9.445479962721341494e-01,0.000000000000000000e+00,2.555646936735966879e-02,7.578150909878617059e-02,4.252571818054770025e-01,9.655572690433320560e-01,1.000000000000000000e+00
8.224492144627837398e-04,1.704219771257545115e-03,2.432471910112359581e-01,1.147244647244647225e-01,1.829405162738495794e-01,1.000000000000000000e+00,2.179819616685456651e-01,9.663912460920053293e-01,9.864218547341115917e-01,5.520355703765458255e-01,9.890109890109891055e-02,6.086956521739130821e-01,2.609751642174041875e-01,3.536770553495600655e-01,5.167584786302714672e-01,8.620689655172413673e-03,8.720930232558139414e-03,9.967381174277726297e-01,4.000000000000000083e-02,5.340356114257951287e-02,7.340891591842073349e-02,8.181834267700838215e-02,9.272629143363170234e-01,1.000000000000000000e+00
8.364841839928471856e-04,3.193007697841450734e-04,9.529213483146066477e-02,8.132678132678132499e-02,7.070707070707070441e-02,2.540086958929906324e-01,2.660653889515219861e-01,9.122376060741402837e-01,7.427042801556420493e-01,3.676531888286785899e-01,9.890109890109891055e-02,4.347826086956521618e-01,5.183177172283880418e-01,5.554290651273164903e-01,3.517042103727220370e-01,8.620689655172413673e-03,8.720930232558139414e-03,4.993010251630941587e-01,0.000000000000000000e+00,7.986749382922721241e-02,1.900150219410071395e-01,2.988622363772326374e-01,8.233322667281632867e-01,1.000000000000000000e+00
8.392911778988820792e-04,7.424704646787950741e-04,1.314573033707865102e-01,1.151105651105651106e-01,1.032547699214365899e-01,3.092719266664820110e-01,4.526493799323566547e-02,9.907324698526127627e-01,8.758916990920881940e-01,9.977768514658885701e-01,9.890109890109891055e-02,4.782608695652174058e-01,5.183177172283880418e-01,2.962443808243591103e-01,2.237887069354261294e-01,0.000000000000000000e+00,0.000000000000000000e+00,1.000000000000000000e+00,8.000000000000000167e-02,5.989555680055830278e-02,1.474063377121747065e-01,3.165503928218724727e-01,9.725315860549522684e-01,1.000000000000000000e+00
9.094660255492548195e-04,8.848093620524502133e-05,5.977528089887640395e-02,3.601263601263601094e-02,4.601571268237934775e-02,2.481237364645933197e-01,8.223788049605410544e-01,9.079946404644930746e-01,7.264915693904021587e-01,3.689037098791162483e-01,2.967032967032967039e-01,3.043478260869565410e-01,5.183177172283880418e-01,7.421607770321859976e-02,5.971631093494882414e-01,0.000000000000000000e+00,0.000000000000000000e+00,1.000000000000000000e+00,0.000000000000000000e+00,9.317836438305379665e-02,1.605504762880032577e-01,1.570596467761827264e-01,8.370868980106673796e-01,1.000000000000000000e+00
9.375359646094372224e-04,1.127170187310294917e-03,1.129887640449438041e-01,1.055984555984555984e-01,1.021324354657687922e-01,3.367581489379378734e-01,3.664036076662908759e-01,9.246315319338990202e-01,6.712062256809339100e-01,3.448659163540362949e-01,5.494505494505495108e-02,6.521739130434782705e-01,5.183177172283880418e-01,7.357220275027944734e-01,2.907133435748674999e-01,2.873563218390804558e-03,2.906976744186046471e-03,5.850419384902143527e-01,4.000000000000000083e-02,3.722381442226891518e-02,9.700035413871019307e-02,3.477775276072706534e-01,8.675866152219198213e-01,1.000000000000000000e+00
1.105955598970420617e-03,7.424704646787950741e-04,9.288988764044943391e-02,9.248859248859249427e-02,7.968574635241301718e-02,3.444293666398958176e-01,3.505073280721533457e-01,9.079946404644930746e-01,6.834873540856031271e-01,3.836320689176044851e-01,9.890109890109891055e-02,4.347826086956521618e-01,5.183177172283880418e-01,3.438451995038904196e-01,1.282654037807554603e-01,0.000000000000000000e+00,0.000000000000000000e+00,1.000000000000000000e+00,4.000000000000000083e-02,4.369153186163147323e-02,1.199185346308637989e-01,3.777809973270161992e-01,8.370868980106673796e-01,1.000000000000000000e+00
1.119990568500484063e-03,1.511869909941794977e-03,7.457752808988762916e-02,5.868725868725867961e-02,5.499438832772166053e-02,1.478301808413415019e-01,7.165163472378804910e-01,9.079946404644930746e-01,9.605625810635538553e-01,6.138668889815199758e-01,9.890109890109891055e-02,4.347826086956521618e-01,5.183177172283880418e-01,7.281577852531874173e-01,5.971631093494882414e-01,0.000000000000000000e+00,0.000000000000000000e+00,1.000000000000000000e+00,4.000000000000000083e-02,1.997346570047890679e-02,4.375071135254118143e-02,2.580429976155392824e-01,8.370868980106673796e-01,1.000000000000000000e+00
1.184551428338842527e-03,7.424704646787950741e-04,1.801797752808988531e-02,4.219024219024218592e-02,1.571268237934904388e-02,2.569996399789525876e-01,6.095264937993235543e-01,9.924073246985261054e-01,8.376702334630350411e-01,8.220091704877031669e-01,9.890109890109891055e-02,4.782608695652174058e-01,5.183177172283880418e-01,5.855074503953350273e-01,6.191295048960956393e-01,0.000000000000000000e+00,0.000000000000000000e+00,8.264212488350419772e-01,4.000000000000000083e-02,1.223424400058767576e-02,5.880135570841454884e-02,8.211428177652122518e-01,9.898041098850222097e-01,1.000000000000000000e+00
1.226656336929088376e-03,4.731806588367450540e-04,6.687640449438202184e-02,8.297648297648298199e-02,5.162738496071829497e-02,2.569996399789525876e-01,3.094701240135289133e-02,9.660004466279589197e-01,6.742055771725032898e-01,8.989856884813116622e-01,9.890109890109891055e-02,7.391304347826086474e-01,5.183177172283880418e-01,5.639875295074455730e-01,7.212018584782461939e-02,1.724137931034482735e-02,1.744186046511627883e-02,8.811742777260018755e-01,4.000000000000000083e-02,4.552486707135994931e-02,1.505470223931744123e-01,4.992390286621108952e-01,8.960429182353005784e-01,1.000000000000000000e+00
1.263147257707319948e-03,1.242580104099744957e-03,2.408404494382022365e-01,1.356265356265356214e-01,2.154882154882154510e-01,3.444293666398958176e-01,6.357384441939121222e-01,8.857748995087092458e-01,7.343142023346302949e-01,6.780603029039877772e-01,9.890109890109891055e-02,3.478260869565217295e-01,5.183177172283880418e-01,3.117190913720434553e-01,5.971631093494882414e-01,0.000000000000000000e+00,0.000000000000000000e+00,7.334575955265609792e-01,4.000000000000000083e-02,6.962050606919098494e-02,1.133375565831210852e-01,1.365231247027944295e-01,8.504124103599695061e-01,1.000000000000000000e+00
1.319287135827629243e-03,9.348203259945449956e-04,1.248539325842696612e-01,9.708669708669709353e-02,1.021324354657687922e-01,1.133235481458915866e-01,3.626832018038331773e-01,9.710250111656989480e-01,5.661478599221789754e-01,3.415311935528692056e-01,1.208791208791208938e-01,6.521739130434782705e-01,5.183177172283880418e-01,4.278448311137154625e-01,2.709815922320312209e-01,2.873563218390804558e-03,2.906976744186046471e-03,4.112301957129543828e-01,0.000000000000000000e+00,4.759151296467942216e-02,1.045681568821979213e-01,2.595341327828971645e-01,9.488530991466913589e-01,1.000000000000000000e+00
1.333322105357692688e-03,7.424704646787950741e-04,5.977528089887640395e-02,8.183573183573183973e-02,4.601571268237934775e-02,2.067490099421196992e-01,3.509582863585118950e-01,9.915698972755694340e-01,7.489867055771725068e-01,4.783937751841044195e-01,1.318681318681318715e-01,3.478260869565217295e-01,3.049443860406014228e-01,7.204998096517567507e-01,8.769847504141653483e-02,0.000000000000000000e+00,0.000000000000000000e+00,6.821994408201305093e-01,1.199999999999999956e-01,2.977849404662632690e-02,1.069743170433108681e-01,5.606792626596172058e-01,9.848934280234539207e-01,1.000000000000000000e+00
1.355778056605860815e-03,2.088919493889044958e-03,1.910112359550561745e-01,1.516497016497016237e-01,1.919191919191919060e-01,3.614334376471239341e-01,2.178128523111612092e-01,9.636556498436802398e-01,8.981436446173800547e-01,4.494928442406558311e-01,8.791208791208791895e-02,3.913043478260869179e-01,5.183177172283880418e-01,3.929605968159931573e-01,6.448389473123739002e-01,0.000000000000000000e+00,0.000000000000000000e+00,8.967847157502329969e-01,0.000000000000000000e+00,3.534899642912703310e-02,7.984903735407310188e-02,2.728432899384548027e-01,9.213216688283386580e-01,1.000000000000000000e+00
1.369813026135924261e-03,9.348203259945449956e-04,1.773258426966292101e-01,1.445770445770445667e-01,1.582491582491582227e-01,1.293306377911324079e-01,1.237316798196167467e-01,8.685797230906654454e-01,8.459387159533073852e-01,6.743087397526746907e-01,9.890109890109891055e-02,4.782608695652174058e-01,1.991329303236110126e-01,3.295900543809949235e-01,5.971631093494882414e-01,0.000000000000000000e+00,0.000000000000000000e+00,8.299161230195712946e-01,4.000000000000000083e-02,6.596315570922622884e-02,1.526558185954299818e-01,2.848356863236262138e-01,6.664687995042632984e-01,1.000000000000000000e+00
1.510162721436725253e-03,1.127170187310294917e-03,7.336629213483145118e-02,9.861354861354861001e-02,6.285072951739618941e-02,2.456312830596250329e-01,1.014656144306651520e-01,9.440040196516301663e-01,9.666423476005188142e-01,7.287758788384048891e-01,9.890109890109891055e-02,4.782608695652174058e-01,2.754465880122003094e-02,3.584864126373036308e-01,4.418761976436832994e-01,0.000000000000000000e+00,0.000000000000000000e+00,8.408667287977632521e-01,1.600000000000000033e-01,2.533288246001075619e-02,9.093798817042816895e-02,5.600081053105375739e-01,8.518448477745844682e-01,1.000000000000000000e+00
1.512969715342760146e-03,1.319520048626045055e-03,2.134831460674156967e-01,1.625658125658125397e-01,2.143658810325476671e-01,2.481237364645933197e-01,1.762683201803832977e-01,9.405426529700758875e-01,8.393320363164721298e-01,6.248436848686952372e-01,1.868131868131868156e-01,6.086956521739130821e-01,5.183177172283880418e-01,9.888890678797751521e-02,1.609421912077819983e-01,2.873563218390804558e-03,2.906976744186046471e-03,8.376048462255358817e-01,4.000000000000000083e-02,5.895282008379101879e-02,1.281232919896957423e-01,2.543785040793799523e-01,8.623508649251654390e-01,1.000000000000000000e+00
1.529811678778858486e-03,1.588809854468095075e-03,1.011235955056179608e-01,7.906282906282906253e-02,1.021324354657687922e-01,3.614334376471239341e-01,1.436302142051860686e-01,9.917373827601607683e-01,9.683446822308690027e-01,6.228984299013478054e-01,1.098901098901098987e-02,4.782608695652174058e-01,5.183177172283880418e-01,2.580172961327109049e-01,3.049054314966542778e-01,0.000000000000000000e+00,0.000000000000000000e+00,6.735787511649580228e-01,1.199999999999999956e-01,2.505371164358209668e-02,5.505316329049683016e-02,2.595564599022951446e-01,9.797678246584110573e-01,1.000000000000000000e+00
1.585951556899167780e-03,6.270605478893450345e-04,3.370786516853932491e-02,2.879957879957879829e-02,3.479236812570145332e-02,3.928798914398072273e-01,3.235625704622324683e-02,9.854287628405538069e-01,9.700875486381322910e-01,8.978741142142558918e-01,1.098901098901099022e-01,5.217391304347825942e-01,1.210371119115564859e-01,3.411229352668886383e-01,2.424405919091889572e-01,2.873563218390804558e-03,2.906976744186046471e-03,9.091332712022367479e-01,0.000000000000000000e+00,2.140128245137103494e-02,4.834633617124622224e-02,2.728432899384548027e-01,9.555851053370074677e-01,1.000000000000000000e+00
1.723494258293989390e-03,1.704219771257545115e-03,3.964044943820223960e-02,7.978237978237978645e-02,3.479236812570145332e-02,1.000000000000000000e+00,3.377677564825253276e-01,9.869361322018758154e-01,8.238488975356679234e-01,7.493400027789356432e-01,9.890109890109891055e-02,4.347826086956521618e-01,5.183177172283880418e-01,4.027306888794955908e-01,5.971631093494882414e-01,0.000000000000000000e+00,0.000000000000000000e+00,4.119291705498602241e-01,4.000000000000000083e-02,1.063107229796289750e-02,5.217997257672561673e-02,8.426721672102301941e-01,9.761834671853351075e-01,1.000000000000000000e+00
1.779634136414298684e-03,1.588809854468095075e-03,3.649977528089887180e-01,1.884169884169883957e-01,3.265993265993265560e-01,3.614334376471239341e-01,7.628523111612176555e-01,9.140799464046449607e-01,8.570038910505837215e-01,3.639016256773655034e-01,9.890109890109891055e-02,7.826086956521738358e-01,5.183177172283880418e-01,7.712068524763592281e-01,6.290551958609892358e-01,2.873563218390804558e-03,2.906976744186046471e-03,6.463187325256291027e-01,8.000000000000000167e-02,8.402510289518345943e-02,1.257316131030054018e-01,1.080713285555194858e-01,8.995501304722175462e-01,1.000000000000000000e+00
1.793669105944362130e-03,7.424704646787950741e-04,5.235955056179775191e-02,7.267462267462267145e-02,4.601571268237934775e-02,3.928798914398072273e-01,2.207440811724915575e-01,9.743747208575256336e-01,5.382214656290531529e-01,6.242878977351673520e-01,9.890109890109891055e-02,6.086956521739130821e-01,5.183177172283880418e-01,8.400292866012462611e-02,5.971631093494882414e-01,0.000000000000000000e+00,0.000000000000000000e+00,8.837371854613234046e-01,4.000000000000000083e-02,2.666278932421067838e-02,9.584271641612367165e-02,5.611020479979367259e-01,9.447792647536527033e-01,1.000000000000000000e+00
1.807704075474481087e-03,1.627279826731245016e-03,1.485842696629213477e-01,1.156195156195156254e-01,1.021324354657687922e-01,1.348971170622282612e-01,4.319616685456595384e-01,9.833631085305940545e-01,9.477140077821011310e-01,8.646658329859663317e-01,2.417582417582417875e-01,2.608695652173912971e-01,5.183177172283880418e-01,5.727274922199349083e-01,4.829067078841774441e-01,0.000000000000000000e+00,0.000000000000000000e+00,8.709226467847157593e-01,0.000000000000000000e+00,3.491625966212485999e-02,7.703903679664338144e-02,2.615102956001453260e-01,9.730144613487597960e-01,1.000000000000000000e+00
1.816125057192530257e-03,1.319520048626045055e-03,5.977528089887640395e-02,4.591084591084590438e-02,4.601571268237934775e-02,2.827965327203743606e-01,2.347237880496054752e-01,7.302367128182224443e-01,8.041099221789883567e-01,5.737112685841322390e-01,9.890109890109891055e-02,6.086956521739130821e-01,5.183177172283880418e-01,2.746423931922083173e-02,5.971631093494882414e-01,2.873563218390804558e-03,0.000000000000000000e+00,1.000000000000000000e+00,4.000000000000000083e-02,1.859028163431559674e-02,3.953163805182062507e-02,2.442451938302834802e-01,4.310501751423198025e-01,1.000000000000000000e+00
1.818932051098509639e-03,9.348203259945449956e-04,1.906741573033707560e-01,1.159003159003158950e-01,1.582491582491582227e-01,4.297958957600598318e-01,5.125704622322435622e-01,9.164805716837873817e-01,9.599546044098573594e-01,9.827705988606363352e-01,9.890109890109891055e-02,3.913043478260869179e-01,2.921026240115709438e-01,5.256701862732697794e-01,2.907133435748674999e-01,5.747126436781609116e-03,5.813953488372092943e-03,4.850885368126747199e-01,8.000000000000000167e-02,7.063671279284969295e-02,1.236184057205514941e-01,1.629134627218728482e-01,8.762117362364276740e-01,1.000000000000000000e+00
1.880685917030888721e-03,7.424704646787950741e-04,1.906741573033707560e-01,9.594594594594595127e-02,1.582491582491582227e-01,9.086377357445510339e-02,7.676437429537766866e-01,9.079946404644930746e-01,6.639510376134889480e-01,3.691816034458801354e-01,9.890109890109891055e-02,2.173913043478260809e-01,5.183177172283880418e-01,2.578722073400368520e-01,5.971631093494882414e-01,0.000000000000000000e+00,0.000000000000000000e+00,9.121621621621621712e-01,0.000000000000000000e+00,8.477540316199341786e-02,1.241195409978290698e-01,1.010983224917770262e-01,8.370868980106673796e-01,1.000000000000000000e+00
1.931211807339183739e-03,9.348203259945449956e-04,4.993707865168538901e-02,5.884520884520883649e-02,3.367003367003366943e-02,9.713644797695863975e-02,2.618940248027057383e-01,7.870142920946850973e-01,9.574821660181582761e-01,3.705710712796997930e-01,9.890109890109891055e-02,4.782608695652174058e-01,5.183177172283880418e-01,5.101796429916071601e-02,5.971631093494882414e-01,0.000000000000000000e+00,0.000000000000000000e+00,3.110438024231128029e-01,4.000000000000000083e-02,2.136137053137314792e-02,6.584568279752216202e-02,4.504583943116323708e-01,5.686403178253874868e-01,1.000000000000000000e+00
1.995772667177542203e-03,1.319520048626045055e-03,1.773258426966292101e-01,1.189891189891189999e-01,1.582491582491582227e-01,3.444293666398958176e-01,3.046223224351747305e-01,9.838097364895042052e-01,8.099870298313878170e-01,3.405585660691954342e-01,9.890109890109891055e-02,4.347826086956521618e-01,4.076482667080533195e-01,6.826315239426546944e-01,5.971631093494882414e-01,1.724137931034482735e-02,1.744186046511627883e-02,1.000000000000000000e+00,0.000000000000000000e+00,4.945818201870243180e-02,9.502970439713609441e-02,1.999574633644997657e-01,9.691376633601602730e-01,1.000000000000000000e+00
1.998579661083577097e-03,6.270605478893450345e-04,1.257853932584269419e-01,7.908037908037908459e-02,1.122334455667789027e-01,2.827965327203743606e-01,8.077226606538895348e-01,9.079946404644930746e-01,4.848411154345007024e-01,9.289981936918160210e-01,9.890109890109891055e-02,3.478260869565217295e-01,5.183177172283880418e-01,5.634958271379667538e-01,9.316285856927680742e-01,0.000000000000000000e+00,0.000000000000000000e+00,9.147250698974837002e-01,0.000000000000000000e+00,6.536286755764510181e-02,1.177734430087839235e-01,1.741077428337525768e-01,8.370868980106673796e-01,1.000000000000000000e+00
2.007000642801626267e-03,9.348203259945449956e-04,5.977528089887640395e-02,4.764829764829764391e-02,4.601571268237934775e-02,2.763300008308177680e-01,1.866403607666291542e-01,9.493077266636891220e-01,8.257133592736705108e-01,5.609281645129915450e-01,9.890109890109891055e-02,4.347826086956521618e-01,5.633187073407449619e-01,2.614858973877474679e-01,5.971631093494882414e-01,2.011494252873563190e-02,2.034883720930232703e-02,8.518173345759552095e-01,0.000000000000000000e+00,2.480595519671044413e-02,5.450794141797964121e-02,2.595490398557372957e-01,8.846422220568044281e-01,1.000000000000000000e+00
2.195069234504687383e-03,2.423608252578450019e-04,4.595505617977527768e-01,2.830466830466830674e-01,4.601571268237934498e-01,4.297958957600598318e-01,8.281848928974070434e-01,9.079946404644930746e-01,4.217736705577173062e-01,3.450048631374182939e-01,9.890109890109891055e-02,4.347826086956521618e-01,5.183177172283880418e-01,7.296412110061762935e-01,5.971631093494882414e-01,1.724137931034482735e-02,1.744186046511627883e-02,6.078751164958061670e-01,4.000000000000000083e-02,4.120266822514731531e-01,7.323467161994526853e-01,1.687805311791877871e-01,8.370868980106673796e-01,1.000000000000000000e+00
2.228753161376884062e-03,3.243018661783544920e-03,9.194382022471908611e-02,1.215338715338715320e-01,7.407407407407406996e-02,1.293306377911324079e-01,6.664036076662908092e-01,9.713041536400178755e-01,7.208981841763942855e-01,6.045574544949283702e-01,9.890109890109891055e-02,6.086956521739130821e-01,5.801091315443613894e-01,4.020207501306112263e-01,3.639915055361240270e-01,0.000000000000000000e+00,0.000000000000000000e+00,5.752562907735321307e-01,4.000000000000000083e-02,1.198514498161878938e-02,4.302803400233001091e-02,5.592964376375276769e-01,9.634789593501486005e-01,1.000000000000000000e+00
2.262437088249080741e-03,9.348203259945449956e-04,1.485842696629213477e-01,1.156195156195156254e-01,1.021324354657687922e-01,3.092719266664820110e-01,1.361330326944757418e-01,9.376953997320232048e-01,9.701280804150453907e-01,6.886202584410170413e-01,9.890109890109891055e-02,5.217391304347825942e-01,7.111555871364062531e-01,8.336738151233064054e-01,4.058349112685971094e-01,0.000000000000000000e+00,0.000000000000000000e+00,8.625349487418453309e-01,1.199999999999999956e-01,5.590005889112114462e-02,1.233340736483372613e-01,2.615102956001453260e-01,8.453897252841210408e-01,1.000000000000000000e+00
2.284893039497193357e-03,1.127170187310294917e-03,1.095730337078651417e-02,1.300456300456300472e-02,6.734006734006734579e-03,3.092719266664820110e-01,8.496617812852310658e-01,9.079946404644930746e-01,6.282020103761348784e-01,3.697373905794080207e-01,9.890109890109891055e-02,4.347826086956521618e-01,5.183177172283880418e-01,6.468728078141285920e-01,4.361088078028514392e-01,0.000000000000000000e+00,0.000000000000000000e+00,9.729729729729730270e-01,2.000000000000000111e-01,6.603585587515659744e-03,1.663592487073038001e-02,3.284385422459035198e-01,8.370868980106673796e-01,1.000000000000000000e+00
2.349453899335607332e-03,1.319520048626045055e-03,1.947123595505617921e-01,1.081783081783081746e-01,1.616161616161616021e-01,3.444293666398958176e-01,5.097519729425028512e-01,8.986712818222420962e-01,9.959062905317769276e-01,9.883284701959149654e-01,9.890109890109891055e-02,3.478260869565217295e-01,5.183177172283880418e-01,1.896427657247724552e-01,2.953963125305232862e-01,0.000000000000000000e+00,0.000000000000000000e+00,9.338303821062441390e-01,4.000000000000000083e-02,5.402375160910580926e-02,8.681961581195014876e-02,1.320384061318739533e-01,8.493614864109148010e-01,1.000000000000000000e+00
2.352260893241586714e-03,9.348203259945449956e-04,1.011235955056179608e-01,1.124254124254124299e-01,1.021324354657687922e-01,6.359910271677421401e-01,4.039458850056369954e-01,9.866569897275569989e-01,8.045557717250324536e-01,2.801167152980408304e-01,6.593406593406593574e-02,3.913043478260869179e-01,5.183177172283880418e-01,4.422249339874734231e-01,7.266843408288635731e-01,8.620689655172413673e-03,8.720930232558139414e-03,1.000000000000000000e+00,4.000000000000000083e-02,3.928296703823769970e-02,1.200997963269003627e-01,4.452789885694978800e-01,9.776232573547708471e-01,1.000000000000000000e+00
2.461733655576225921e-03,3.627718384415045197e-03,3.191011235955055758e-01,1.795366795366795110e-01,3.198653198653198526e-01,2.481237364645933197e-01,6.342164599774521294e-01,9.235707905314872734e-01,6.466034370946822651e-01,6.898707794914546998e-01,2.197802197802197974e-02,4.347826086956521618e-01,8.512103099772330150e-01,2.659613813952404482e-01,3.534458681197165109e-01,2.873563218390804558e-03,2.906976744186046471e-03,9.368592730661695622e-01,4.000000000000000083e-02,3.464088171948711409e-02,5.633299790650474204e-02,1.362332502259385181e-01,8.997651717658677883e-01,1.000000000000000000e+00
2.509452551978541557e-03,7.424704646787950741e-04,2.401797752808988717e-01,1.666725166725166463e-01,2.143658810325476671e-01,4.915948932399125115e-01,3.621195039458849907e-01,9.301027244305493102e-01,8.589088845654992976e-01,3.964151729887452902e-01,9.890109890109891055e-02,8.260869565217391353e-01,5.089249780458967587e-01,7.551507395855454607e-01,6.721060702282195543e-01,1.436781609195402279e-02,1.453488372093023236e-02,5.060577819198508465e-01,2.800000000000000266e-01,1.055750925664833278e-01,2.100589098245807806e-01,2.146859890220162437e-01,8.765280427175743405e-01,1.000000000000000000e+00
2.526294515414639896e-03,7.809404369419450150e-04,1.810966292134831290e-01,1.214812214812214936e-01,1.616161616161616021e-01,2.686172422387770320e-01,8.088500563697856860e-01,9.079946404644930746e-01,5.119568741893645303e-01,9.291371404751980201e-01,9.890109890109891055e-02,6.086956521739130821e-01,6.676927043055402855e-01,6.337189351736944865e-01,6.071672053536603109e-01,2.873563218390804558e-03,2.906976744186046471e-03,1.000000000000000000e+00,1.199999999999999956e-01,7.764341706079955219e-02,1.491754846730384276e-01,1.999139166781294663e-01,8.370868980106673796e-01,1.000000000000000000e+00
2.621732308219160146e-03,4.347106865735950046e-04,8.638202247191009708e-02,5.881010881010880625e-02,7.407407407407406996e-02,9.670719211276963823e-02,8.273957158962795821e-01,9.079946404644930746e-01,4.855706874189364974e-01,4.468528553563984040e-01,9.890109890109891055e-02,4.347826086956521618e-01,5.183177172283880418e-01,6.342077953623127540e-01,2.438147809602186911e-01,1.724137931034482735e-02,1.744186046511627883e-02,1.000000000000000000e+00,0.000000000000000000e+00,6.025797268587243516e-02,1.162268171814822421e-01,2.015494647593263355e-01,8.370868980106673796e-01,1.000000000000000000e+00
2.646995253373307655e-03,1.511869909941794977e-03,2.910112359550561800e-01,1.459810459810459704e-01,2.918069584736250888e-01,2.686172422387770320e-01,4.065952649379932504e-01,9.867128182224207400e-01,6.440904669260700821e-01,3.316659719327497147e-01,9.890109890109891055e-02,6.521739130434782705e-01,5.183177172283880418e-01,6.814626905392184852e-01,4.967926045479205133e-01,1.149425287356321823e-02,1.162790697674418589e-02,1.000000000000000000e+00,2.800000000000000266e-01,7.049246720384896858e-02,1.026785333189408483e-01,9.949417622046269338e-02,9.777881195383236745e-01,1.000000000000000000e+00
2.697521143681602673e-03,7.424704646787950741e-04,2.390651685393258286e-01,9.903474903474904223e-02,1.919191919191919060e-01,3.444293666398958176e-01,7.349492671927847498e-01,9.779477445288075055e-01,5.434500648508431286e-01,4.375434208698067984e-01,9.890109890109891055e-02,4.347826086956521618e-01,5.183177172283880418e-01,1.896983660944603634e-01,6.585346061532773021e-01,0.000000000000000000e+00,0.000000000000000000e+00,1.000000000000000000e+00,0.000000000000000000e+00,1.051067927051747841e-01,1.278727243510569267e-01,4.758099583146691014e-02,9.735968099227603201e-01,1.000000000000000000e+00
2.719977094929715289e-03,1.319520048626045055e-03,2.256134831460673840e-01,1.252720252720252447e-01,1.593714927048260066e-01,1.000000000000000000e+00,2.020293122886133164e-01,9.869919606967396675e-01,7.906128404669261478e-01,5.166041406141447245e-01,6.593406593406593574e-02,5.652173913043477826e-01,5.183177172283880418e-01,4.581550838399696124e-01,5.971631093494882414e-01,2.873563218390804558e-03,2.906976744186046471e-03,1.000000000000000000e+00,4.000000000000000083e-02,6.213815608598792506e-02,9.980115198398119281e-02,1.318191326474542069e-01,9.711280969966377130e-01,1.000000000000000000e+00
2.778923966956059477e-03,9.348203259945449956e-04,3.964044943820223960e-02,4.594594594594594156e-02,3.479236812570145332e-02,2.827965327203743606e-01,2.968432919954904214e-01,9.188811969629299137e-01,9.664802204928664153e-01,9.139919410865637861e-01,9.890109890109891055e-02,5.217391304347825942e-01,1.965451638131656131e-01,1.119482932288467202e-02,5.027682004785202219e-01,0.000000000000000000e+00,0.000000000000000000e+00,7.152842497670084398e-01,8.000000000000000167e-02,1.775627986518413595e-02,5.278417823018086152e-02,4.266819834237921549e-01,8.436960547046591374e-01,1.000000000000000000e+00
2.790151942580143540e-03,5.885905756261949852e-04,1.573033707865168496e-01,9.570024570024569799e-02,1.582491582491582227e-01,2.569996399789525876e-01,2.515783540022548115e-01,9.393144260830728065e-01,9.015483138780804317e-01,3.577879672085590990e-01,9.890109890109891055e-02,8.260869565217391353e-01,7.375424562979038257e-01,5.922911092847810144e-01,1.447279080646199367e-01,0.000000000000000000e+00,0.000000000000000000e+00,6.992078285181733133e-01,4.000000000000000083e-02,8.424263114235958083e-02,1.474286780892772597e-01,1.629012845412118327e-01,8.752117344246720387e-01,1.000000000000000000e+00
2.919273662256860469e-03,4.731806588367450540e-04,1.189213483146067396e-01,8.323973323973324345e-02,1.021324354657687922e-01,3.614334376471239341e-01,4.335963923337091686e-01,8.324028584189370195e-01,8.662856679636835588e-01,4.329581770182019396e-01,9.890109890109891055e-02,3.913043478260869179e-01,5.183177172283880418e-01,5.124067827396207031e-01,6.211179951888592399e-01,4.022988505747126381e-02,4.069767441860465407e-02,8.765144454799627116e-01,4.000000000000000083e-02,7.589512017369427765e-02,1.509912912560091580e-01,2.146499862630620870e-01,7.286716982650823793e-01,1.000000000000000000e+00
2.978220534283204657e-03,1.511869909941794977e-03,1.773258426966292101e-01,1.445770445770445667e-01,1.582491582491582227e-01,8.835747320612587219e-02,3.644870349492671524e-01,9.907882983474765037e-01,6.733949416342412952e-01,4.103098513269417547e-01,2.197802197802197974e-02,6.956521739130434590e-01,5.183177172283880418e-01,8.384753825060307086e-01,8.636334214230313444e-01,0.000000000000000000e+00,0.000000000000000000e+00,8.404007455731593579e-01,8.000000000000000167e-02,4.395652412186116381e-02,1.017307597448933870e-01,2.848356863236262138e-01,9.837767114644164756e-01,1.000000000000000000e+00
3.006290473343387060e-03,4.397117829678044883e-03,1.100224719101123433e-01,1.679185679185679070e-01,1.021324354657687922e-01,1.133235481458915866e-01,3.739007891770010916e-01,9.220075926753015239e-01,7.256809338521401642e-01,5.832985966374877318e-01,1.978021978021978211e-01,4.347826086956521618e-01,8.240297963088127897e-01,3.350889084283758534e-01,2.607398330468526093e-01,0.000000000000000000e+00,0.000000000000000000e+00,4.573625349487419056e-01,0.000000000000000000e+00,1.055711365051161844e-02,4.398321205742470458e-02,6.830233994820135157e-01,8.642671438309648124e-01,1.000000000000000000e+00
3.014711455061436229e-03,8.578803814682451137e-04,6.971685393258426899e-02,9.410319410319410716e-02,5.387205387205387663e-02,1.133235481458915866e-01,4.806087936865840460e-01,8.385998213488163877e-01,9.498216601815823168e-01,3.248575795470334260e-01,9.890109890109891055e-02,6.086956521739130821e-01,5.183177172283880418e-01,6.770663280309012766e-01,1.242113973540535932e-01,0.000000000000000000e+00,0.000000000000000000e+00,4.377912395153774616e-01,4.000000000000000083e-02,3.031126606626016740e-02,1.088090205128575266e-01,5.601260135741673585e-01,7.523114460998976405e-01,1.000000000000000000e+00
3.062430351463696354e-03,1.204110131836595016e-03,2.692134831460674116e-02,6.144261144261143476e-02,2.356902356902356929e-02,1.580353928383505524e-01,8.979706877113868835e-02,9.303818669048682377e-01,7.525940337224383825e-01,9.038488258996804081e-01,9.890109890109891055e-02,6.956521739130434590e-01,1.190434800888949401e-01,3.477010880964155337e-01,1.014924920049242590e-01,0.000000000000000000e+00,0.000000000000000000e+00,9.808946877912395612e-01,2.800000000000000266e-01,1.077550218108224746e-02,5.549830076410421781e-02,8.948147818791734043e-01,8.116048384629979129e-01,1.000000000000000000e+00
3.070851333181745524e-03,7.424704646787950741e-04,1.263370786516853916e-01,1.315373815373815369e-01,1.021324354657687922e-01,2.456312830596250329e-01,7.525366403607669508e-02,9.577378293881196880e-01,9.467412451361867376e-01,8.074197582325969291e-01,9.890109890109891055e-02,2.608695652173912971e-01,9.032437271738033568e-02,4.182855640829117455e-02,5.107552589362008844e-01,5.747126436781609116e-03,5.813953488372092943e-03,1.000000000000000000e+00,0.000000000000000000e+00,5.774430431267221775e-02,1.673664491816138078e-01,4.110429701097065847e-01,8.822895096182929997e-01,1.000000000000000000e+00
3.141026180832173775e-03,1.319520048626045055e-03,9.763595505617976567e-02,7.297297297297297702e-02,7.968574635241301718e-02,3.068487080783184606e-02,4.505073280721533235e-01,9.884435015631978239e-01,9.231112191958495972e-01,7.453105460608586696e-01,9.890109890109891055e-02,4.347826086956521618e-02,5.183177172283880418e-01,8.371293074062956530e-01,0.000000000000000000e+00,2.873563218390804558e-03,2.906976744186046471e-03,7.043336439888163714e-01,4.000000000000000083e-02,2.853221215766007027e-02,6.008351564655560473e-02,2.397922163354866409e-01,9.816533775543384577e-01,1.000000000000000000e+00
3.157868144268272115e-03,1.588809854468095075e-03,1.973483146067415428e-01,1.709371709371709236e-01,1.582491582491582227e-01,6.312830596250242066e-02,5.074971815107102158e-01,8.811969629298793683e-01,8.565985732814527243e-01,9.951368625816312541e-01,2.197802197802197974e-02,6.521739130434782705e-01,5.183177172283880418e-01,6.201582760375963232e-01,3.430658948160066335e-01,0.000000000000000000e+00,0.000000000000000000e+00,6.672879776328052293e-01,2.399999999999999911e-01,4.655830162002277950e-02,1.144339504464079865e-01,3.158397764158497045e-01,8.229552363526344561e-01,1.000000000000000000e+00
3.199973052858517963e-03,9.348203259945449956e-04,6.685842696629212822e-02,6.037206037206036685e-02,5.723905723905724219e-02,4.915948932399125115e-01,1.982525366403607991e-01,9.762728896828941627e-01,7.967736705577173062e-01,7.915798249270529219e-01,9.890109890109891055e-02,4.347826086956521618e-01,2.764614956405657131e-01,4.273584040982600363e-01,8.481044827130507224e-02,8.620689655172413673e-03,8.720930232558139414e-03,7.325256290773531909e-01,1.199999999999999956e-01,2.728593026869381016e-02,6.739173844018704618e-02,3.183577627164551060e-01,9.470160648497628619e-01,1.000000000000000000e+00
3.214008022388581409e-03,2.473619216520544801e-03,2.797752808988763773e-01,1.271147771147770889e-01,2.805836139169471943e-01,2.481237364645933197e-01,2.600338218714769445e-01,8.937025457793658090e-01,9.399724383916990833e-01,4.847853272196748220e-01,9.890109890109891055e-02,5.217391304347825942e-01,5.183177172283880418e-01,3.945198514719219229e-01,0.000000000000000000e+00,0.000000000000000000e+00,0.000000000000000000e+00,1.000000000000000000e+00,8.000000000000000167e-02,4.361033470825943087e-02,5.777776024844331892e-02,7.111160973920988004e-02,7.841288603222171805e-01,1.000000000000000000e+00
3.264533912696876428e-03,1.127170187310294917e-03,4.494382022471909294e-02,3.757458757458757154e-02,4.601571268237934775e-02,3.367581489379378734e-01,6.974633596392333379e-01,9.079946404644930746e-01,7.451767185473411326e-01,7.543420869806863882e-01,9.890109890109891055e-02,5.217391304347825942e-01,8.196129145393227233e-01,6.893921501367504812e-01,5.971631093494882414e-01,0.000000000000000000e+00,0.000000000000000000e+00,8.837371854613234046e-01,4.000000000000000083e-02,1.680313498617675219e-02,3.796083028679780175e-02,2.728432899384548027e-01,8.370868980106673796e-01,1.000000000000000000e+00
3.354357717689382401e-03,1.011760270520845094e-03,6.719101123595505598e-02,5.782730782730782088e-02,4.601571268237934775e-02,3.928798914398072273e-01,1.521420518602029093e-01,9.572353729343456852e-01,9.662775616083009167e-01,6.900097262748366989e-01,9.890109890109891055e-02,6.956521739130434590e-01,4.697141132617169146e-01,6.243419052858937279e-01,2.086713533297256673e-01,1.149425287356321823e-02,1.162790697674418589e-02,1.000000000000000000e+00,4.000000000000000083e-02,2.568618112049895694e-02,6.075658297375022970e-02,2.957979516392194030e-01,8.968368434047324644e-01,1.000000000000000000e+00
3.365585693313466464e-03,6.270605478893450345e-04,3.370786516853932491e-02,5.049140049140048853e-02,3.479236812570145332e-02,1.433576116757594998e-01,2.923900789177000803e-01,9.641022778025905016e-01,5.905074578469520219e-01,7.724051688203418253e-01,9.890109890109891055e-02,5.652173913043477826e-01,5.183177172283880418e-01,2.646471126665685958e-01,7.063281845984542562e-01,0.000000000000000000e+00,0.000000000000000000e+00,1.000000000000000000e+00,0.000000000000000000e+00,2.140128245137103494e-02,7.829813514199546187e-02,5.747278841423771878e-01,9.303993122084462941e-01,1.000000000000000000e+00
3.449795510493958162e-03,2.858318939152045077e-03,7.460674157303369414e-02,5.942435942435942559e-02,4.601571268237934775e-02,2.260101359771802265e-01,3.711386696730551993e-01,9.497543546225993838e-01,6.670719844357977379e-01,4.704738085313324714e-01,1.758241758241758379e-01,6.956521739130434590e-01,5.183177172283880418e-01,6.495583067095146435e-01,5.971631093494882414e-01,0.000000000000000000e+00,0.000000000000000000e+00,8.730195712954333942e-01,4.000000000000000083e-02,1.121408674223309775e-02,2.483744541356166721e-02,2.632525883994189519e-01,9.122513162481080684e-01,1.000000000000000000e+00
3.489093425178169117e-03,7.424704646787950741e-04,6.719101123595505598e-02,6.863811863811863923e-02,4.601571268237934775e-02,8.328948461602370124e-02,5.146561443066516306e-02,9.681777579276462653e-01,8.891050583657587048e-01,8.884257329442822870e-01,9.890109890109891055e-02,2.173913043478260809e-01,5.183177172283880418e-01,1.708910101636174628e-01,4.246565499909296104e-01,0.000000000000000000e+00,0.000000000000000000e+00,1.000000000000000000e+00,4.000000000000000083e-02,3.289419876904197543e-02,9.093798817042816895e-02,3.820179004664818745e-01,9.069155863589338784e-01,1.000000000000000000e+00
3.578917230170675090e-03,1.704219771257545115e-03,1.709842696629213232e-01,1.636890136890136738e-01,1.470258136924803283e-01,3.092719266664820110e-01,4.758173618940247929e-01,9.841447074586868737e-01,8.976167315175097583e-01,4.846463804362928229e-01,2.637362637362637430e-01,5.652173913043477826e-01,5.134536615781180036e-01,9.155678880491413540e-02,2.062294470793996359e-01,1.149425287356321823e-02,1.162790697674418589e-02,5.284249767008387666e-01,8.000000000000000167e-02,3.822299799731892350e-02,1.031571589738348033e-01,3.678562076991477303e-01,9.755382595864500184e-01,1.000000000000000000e+00
3.604180175324822599e-03,1.511869909941794977e-03,1.335685393258426723e-01,1.387504387504387426e-01,1.133557800224466866e-01,1.573984325237475501e-01,2.635851183765501871e-01,9.461255024564537708e-01,8.090142671854734235e-01,4.510212588578573767e-01,9.890109890109891055e-02,5.217391304347825942e-01,5.183177172283880418e-01,8.084772046301249571e-01,2.535903320659468885e-01,0.000000000000000000e+00,0.000000000000000000e+00,1.000000000000000000e+00,8.000000000000000167e-02,3.374288736178078507e-02,9.779749941259652246e-02,4.109033521291859392e-01,8.911571289660719097e-01,1.000000000000000000e+00
3.618215144854941556e-03,1.319520048626045055e-03,1.189213483146067396e-01,8.034398034398033961e-02,1.021324354657687922e-01,1.345370960148439266e-01,7.602029312288612894e-01,9.622599374720857135e-01,9.458900778210116433e-01,4.136445741281088440e-01,9.890109890109891055e-02,6.521739130434782705e-01,5.183177172283880418e-01,6.837995537164478499e-01,5.971631093494882414e-01,8.620689655172413673e-03,8.720930232558139414e-03,9.997670083876980529e-01,4.000000000000000083e-02,3.412159759908450080e-02,6.568130331827332080e-02,2.007341962537290692e-01,9.557789026579952552e-01,1.000000000000000000e+00
3.643478090009089065e-03,4.731806588367450540e-04,1.906741573033707560e-01,1.159003159003158950e-01,1.582491582491582227e-01,6.955329696197623535e-02,4.985343855693348258e-01,8.531152300133988398e-01,6.596952010376134767e-01,4.001667361400582656e-01,9.890109890109891055e-02,6.086956521739130821e-01,5.183177172283880418e-01,6.801374675592413155e-01,8.947388518052372397e-02,2.873563218390804558e-03,2.906976744186046471e-03,9.305684995340167687e-01,8.000000000000000167e-02,1.177656806899954473e-01,2.061102481717056178e-01,1.629134627218728482e-01,7.789758775509277866e-01,1.000000000000000000e+00
3.727687907189580763e-03,2.088919493889044958e-03,3.370786516853932491e-02,2.879957879957879829e-02,3.479236812570145332e-02,8.777590074496662009e-02,4.268320180383314844e-01,8.954332291201428928e-01,8.940499351491569824e-01,7.514242045296650740e-01,1.868131868131868156e-01,3.043478260869565410e-01,5.183177172283880418e-01,7.863421992634794799e-01,8.220100445907497777e-01,5.747126436781609116e-03,5.813953488372092943e-03,8.623019571295433838e-01,8.000000000000000167e-02,7.811202165352373883e-03,1.765139655720977807e-02,2.728432899384548027e-01,8.293647481631865048e-01,1.000000000000000000e+00
3.755757846249707654e-03,9.348203259945449956e-04,2.584269662921347827e-02,5.607230607230606623e-02,2.693602693602693485e-02,2.067490099421196992e-01,1.993235625704622427e-01,9.025234479678427846e-01,9.300826848249027501e-01,9.845769070446018789e-01,9.890109890109891055e-02,5.217391304347825942e-01,1.033030870139877988e-01,1.202212375741318201e-01,5.971631093494882414e-01,0.000000000000000000e+00,0.000000000000000000e+00,1.000000000000000000e+00,4.000000000000000083e-02,1.292536395719623941e-02,6.303790358440661268e-02,8.365269884421993041e-01,7.827046513111720616e-01,1.000000000000000000e+00
3.811897724370072460e-03,1.820783787214889438e-04,5.606741573033707793e-02,3.999648999648999087e-02,4.601571268237934775e-02,2.456312830596250329e-01,7.710259301014655842e-01,9.079946404644930746e-01,8.697714007782101353e-01,3.704321244963179049e-01,9.890109890109891055e-02,4.347826086956521618e-01,5.183177172283880418e-01,2.504581271193767611e-02,5.971631093494882414e-01,8.620689655172413673e-03,8.720930232558139414e-03,8.445945945945946276e-01,0.000000000000000000e+00,6.770272787487822963e-02,1.346815154445340224e-01,2.146163636531139285e-01,8.370868980106673796e-01,1.000000000000000000e+00
3.848388645148248521e-03,1.281050076362895114e-03,1.263370786516853916e-01,1.505616005616005337e-01,1.021324354657687922e-01,2.827965327203743606e-01,5.065952649379932282e-01,8.596471639124609876e-01,6.569390402075226953e-01,9.959705432819230264e-01,2.857142857142857539e-01,3.913043478260869179e-01,5.183177172283880418e-01,3.044740040457786234e-01,6.874445608489815340e-01,0.000000000000000000e+00,0.000000000000000000e+00,5.547530288909598983e-01,1.199999999999999956e-01,3.699521182247796081e-02,1.220614142289552922e-01,4.975374581614601111e-01,7.906377972491230866e-01,1.000000000000000000e+00
3.873651590302396031e-03,1.088700215047144976e-03,9.679438202247189760e-02,8.573183573183573714e-02,8.305274971941638273e-02,1.413774959151458122e-01,7.147688838782412235e-02,9.580728003573023566e-01,9.515645265888456050e-01,8.324301792413505430e-01,9.890109890109891055e-02,5.652173913043477826e-01,5.183177172283880418e-01,4.753149249063498560e-01,6.131547735900686469e-01,1.149425287356321823e-02,1.162790697674418589e-02,7.469711090400745768e-01,4.000000000000000083e-02,3.331733201955720119e-02,8.210696851577435618e-02,3.172123468734019403e-01,8.823290184288478111e-01,1.000000000000000000e+00
3.941019444046789388e-03,5.308856172314700738e-04,1.022471910112359439e-01,5.087750087750087663e-02,1.032547699214365899e-01,2.569996399789525876e-01,3.918827508455468012e-01,8.723760607414023927e-01,9.963926718547341244e-01,8.552174517159927269e-01,9.890109890109891055e-02,5.217391304347825942e-01,5.183177172283880418e-01,4.781557452657460572e-01,5.147562762160509120e-01,0.000000000000000000e+00,0.000000000000000000e+00,6.595992544268406421e-01,4.000000000000000083e-02,6.107111195023522815e-02,8.895313158939419096e-02,9.950316599554442920e-02,7.827980364823382553e-01,1.000000000000000000e+00
3.980317358731000343e-03,1.319520048626045055e-03,2.314606741573033422e-01,1.045279045279045305e-01,2.323232323232322927e-01,9.670719211276963823e-02,4.303833145434047269e-01,9.567329164805716823e-01,7.783317120622568197e-01,6.248436848686952372e-01,2.417582417582417875e-01,5.217391304347825942e-01,5.183177172283880418e-01,3.073589002275649573e-01,2.636384465005743860e-01,0.000000000000000000e+00,0.000000000000000000e+00,9.906803355079216722e-01,0.000000000000000000e+00,6.367358481472382148e-02,8.404737810786137853e-02,6.998574394112289099e-02,9.296895588695457402e-01,1.000000000000000000e+00
4.047685212475393701e-03,6.270605478893450345e-04,1.910112359550561745e-01,1.275359775359775349e-01,1.919191919191919060e-01,2.569996399789525876e-01,1.507891770011273724e-01,9.648838767306833208e-01,6.272697795071335847e-01,8.807836598582742260e-01,9.890109890109891055e-02,5.652173913043477826e-01,5.183177172283880418e-01,4.243738363933018398e-01,1.171948603492536101e-01,0.000000000000000000e+00,0.000000000000000000e+00,8.744175209692450768e-01,8.000000000000000167e-02,9.650435771621099224e-02,1.846803337516954580e-01,1.982676997845192468e-01,9.150876661166867931e-01,1.000000000000000000e+00
4.086983127159660167e-03,1.511869909941794977e-03,1.085235955056179646e-01,1.419971919971919905e-01,8.866442199775532995e-02,3.921460023816777246e-02,8.551296505073280318e-02,9.216167932112550032e-01,8.805933852140077622e-01,7.664304571349173090e-01,9.890109890109891055e-02,7.391304347826086474e-01,5.183177172283880418e-01,1.670565953763607225e-01,2.123757062713128585e-01,0.000000000000000000e+00,0.000000000000000000e+00,9.676141658900279108e-01,0.000000000000000000e+00,2.789700703664233297e-02,9.998922580258122472e-02,5.588882683502781612e-01,7.860954837611608959e-01,1.000000000000000000e+00
4.131895029655885399e-03,1.704219771257545115e-03,1.326022471910112133e-01,9.894699894699894582e-02,9.090909090909091161e-02,6.359910271677421401e-01,3.248027057497181458e-01,9.528249218401071419e-01,8.259565499351491091e-01,9.530359872168959745e-01,5.494505494505495108e-02,6.086956521739130821e-01,3.194209803460363317e-01,7.786175414367321190e-01,5.971631093494882414e-01,0.000000000000000000e+00,0.000000000000000000e+00,1.000000000000000000e+00,4.000000000000000083e-02,3.015993183688569709e-02,6.382337093389843508e-02,2.420267033134759216e-01,9.125030642264218006e-01,1.000000000000000000e+00
4.159964968716067801e-03,9.348203259945449956e-04,1.498247191011235768e-01,1.306774306774306504e-01,1.178451178451178499e-01,2.456312830596250329e-01,3.947576099210823308e-01,8.684122376060741111e-01,9.693985084306095956e-01,6.249826316520772362e-01,9.890109890109891055e-02,4.782608695652174058e-01,5.183177172283880418e-01,3.425566346530796724e-01,3.657647962891450444e-01,5.747126436781609116e-03,5.813953488372092943e-03,1.000000000000000000e+00,0.000000000000000000e+00,5.633436924636695681e-02,1.385813810208254560e-01,3.163130724046911979e-01,7.768401575796635150e-01,1.000000000000000000e+00
4.190841901682229587e-03,4.731806588367450540e-04,1.011235955056179608e-01,9.975429975429975227e-02,1.021324354657687922e-01,3.367581489379378734e-01,4.311724915445321882e-01,9.599709691826708857e-01,6.548719195849546093e-01,4.160066694456022729e-01,9.890109890109891055e-02,4.782608695652174058e-01,5.183177172283880418e-01,8.950952610948417210e-01,4.170864623300387097e-01,1.436781609195402279e-02,1.453488372093023236e-02,8.674277726001864419e-01,8.000000000000000167e-02,6.550943776564212284e-02,1.788617579178417016e-01,3.747415526422382959e-01,9.350116600345158568e-01,1.000000000000000000e+00
4.246981779802538881e-03,7.424704646787950741e-04,2.692134831460674116e-02,3.739908739908739954e-02,2.356902356902356929e-02,3.614334376471239341e-01,1.597519729425028734e-01,8.692496650290308935e-01,9.272859922178988690e-01,7.379463665416146068e-01,9.890109890109891055e-02,3.913043478260869179e-01,4.813931163068339014e-01,5.301416301837328371e-01,1.579755177990107284e-01,2.873563218390804558e-03,2.906976744186046471e-03,8.769804287045666058e-01,4.000000000000000083e-02,1.597497797337882677e-02,5.297965652982813967e-02,5.006885358297817890e-01,6.887095822356379404e-01,1.000000000000000000e+00
4.249788773708573775e-03,5.501206033630450442e-04,8.625393258426965193e-02,6.519831519831520428e-02,5.836139169472502608e-02,2.827965327203743606e-01,1.456031567080044997e-01,9.184345690040196519e-01,9.282992866407263621e-01,6.188689731832708318e-01,9.890109890109891055e-02,4.347826086956521618e-01,5.183177172283880418e-01,2.739847496019650053e-01,4.928166259897849288e-01,0.000000000000000000e+00,0.000000000000000000e+00,9.988350419384902645e-01,0.000000000000000000e+00,5.114349502764544558e-02,1.084777228751436229e-01,2.430834865375817722e-01,8.009696586985495248e-01,1.000000000000000000e+00
4.291893682298819623e-03,5.501206033630450442e-04,1.573033707865168496e-01,1.208494208494208383e-01,1.582491582491582227e-01,2.067490099421196992e-01,3.307779030439684798e-01,7.384435015631978239e-01,9.760862516212710505e-01,4.290676670835069650e-01,9.890109890109891055e-02,5.652173913043477826e-01,5.183177172283880418e-01,7.297192312629594557e-01,4.265573374501006043e-01,0.000000000000000000e+00,0.000000000000000000e+00,9.226467847157502344e-01,1.199999999999999956e-01,8.845759965212099396e-02,1.930043167180808816e-01,2.562347523932552162e-01,5.187336930387598244e-01,1.000000000000000000e+00
4.311542639640952856e-03,7.424704646787950741e-04,2.044943820224718878e-01,9.273429273429273367e-02,2.053872053872053682e-01,3.928798914398072273e-01,2.498872604284103627e-01,8.957123715944618203e-01,9.406209468223086789e-01,3.636237321106016163e-01,9.890109890109891055e-02,4.347826086956521618e-01,5.183177172283880418e-01,2.815663939974464847e-01,6.448389473123739002e-01,1.149425287356321823e-02,8.720930232558139414e-03,7.190121155638397044e-01,4.000000000000000083e-02,9.058194378104075795e-02,1.202170833066887462e-01,7.149530260280873017e-02,7.850128297833490754e-01,1.000000000000000000e+00
4.319963621359002026e-03,1.511869909941794977e-03,2.808988764044944020e-01,1.751491751491751347e-01,2.817059483726150337e-01,1.000000000000000000e+00,3.848928974069898423e-01,8.921393479231799484e-01,8.110408560311284099e-01,3.261081005974710845e-01,9.890109890109891055e-02,8.260869565217391353e-01,9.003081219335382634e-01,9.050231056487437753e-01,4.967926045479205133e-01,2.873563218390804558e-03,2.906976744186046471e-03,6.523765144454799492e-01,1.199999999999999956e-01,6.813208483838256724e-02,1.223685293197764173e-01,1.728538817760651991e-01,8.148431063706079724e-01,1.000000000000000000e+00
4.370489511667297045e-03,2.281269355204795096e-03,1.973483146067415428e-01,1.709371709371709236e-01,1.582491582491582227e-01,6.359910271677421401e-01,1.359075535512964672e-01,9.949196069673961196e-01,8.071092736705577364e-01,7.851882728914825194e-01,9.890109890109891055e-02,8.260869565217391353e-01,1.132603522118737910e-01,3.453813663444966764e-01,5.971631093494882414e-01,1.436781609195402279e-02,1.453488372093023236e-02,9.673811742777259637e-01,4.000000000000000083e-02,3.364952112599122608e-02,8.271149581184522592e-02,3.158397764158497045e-01,9.873877960038076607e-01,1.000000000000000000e+00
4.384524481197360490e-03,7.424704646787950741e-04,9.288988764044943391e-02,6.533871533871533910e-02,7.968574635241301718e-02,3.928798914398072273e-01,1.365839909808342911e-01,9.292094685127288978e-01,9.453631647211413469e-01,8.058913436153952725e-01,9.890109890109891055e-02,4.782608695652174058e-01,5.183177172283880418e-01,8.104782145145600358e-02,5.971631093494882414e-01,2.873563218390804558e-03,2.906976744186046471e-03,1.000000000000000000e+00,4.000000000000000083e-02,4.369153186163147323e-02,8.692890595220749417e-02,2.146921553236964542e-01,8.244734773645417958e-01,1.000000000000000000e+00
4.412594420257542893e-03,1.511869909941794977e-03,1.011235955056179608e-01,8.559143559143558844e-02,1.021324354657687922e-01,3.928798914398072273e-01,6.143742953776775151e-01,9.079946404644930746e-01,8.844844357976653360e-01,7.309990273725163190e-01,9.890109890109891055e-02,4.782608695652174058e-01,5.183177172283880418e-01,7.534522600614771415e-01,5.971631093494882414e-01,1.149425287356321823e-02,1.162790697674418589e-02,8.450605778191985218e-01,4.000000000000000083e-02,2.616973167453547772e-02,6.191242246522527665e-02,2.958998479423788908e-01,8.370868980106673796e-01,1.000000000000000000e+00
4.415401414163522276e-03,7.424704646787950741e-04,7.303370786516853730e-02,5.951210951210950811e-02,7.407407407407406996e-02,2.563211387742667657e-01,8.033258173618941234e-01,9.079946404644930746e-01,8.167558365758754713e-01,3.709879116298456792e-01,9.890109890109891055e-02,2.608695652173912971e-01,5.183177172283880418e-01,2.093479721674914099e-02,6.546335462011074746e-01,0.000000000000000000e+00,0.000000000000000000e+00,9.725069897483690218e-01,8.000000000000000167e-02,3.534899642912703310e-02,7.984903735407310188e-02,2.728432899384548027e-01,8.370868980106673796e-01,1.000000000000000000e+00
